<!--
  ~ Copyright 2016 Red Hat, Inc. and/or its affiliates
  ~ and other contributors as indicated by the @author tags.
  ~
  ~ Licensed under the Apache License, Version 2.0 (the "License");
  ~ you may not use this file except in compliance with the License.
  ~ You may obtain a copy of the License at
  ~
  ~ http://www.apache.org/licenses/LICENSE-2.0
  ~
  ~ Unless required by applicable law or agreed to in writing, software
  ~ distributed under the License is distributed on an "AS IS" BASIS,
  ~ WITHOUT WARRANTIES OR CONDITIONS OF ANY KIND, either express or implied.
  ~ See the License for the specific language governing permissions and
  ~ limitations under the License.
  -->
<jboss-deployment-structure>
    <deployment>
        <dependencies>
            <module name="org.keycloak.keycloak-server-subsystem.dependencies"/>
            <!-- Kie requires access to kie.conf files from META-INF -->
            <module name="org.kie">
                <imports>
                    <include path="META-INF"/>
                </imports>
            </module>
        </dependencies>
        <exclude-subsystems>
            <subsystem name="webservices"/>
            <subsystem name="weld"/>
        </exclude-subsystems>
    </deployment>
</jboss-deployment-structure>
