<?xml version="1.0" encoding="UTF-8"?>
<!--
  ~ Copyright 2016 Red Hat, Inc. and/or its affiliates
  ~ and other contributors as indicated by the @author tags.
  ~
  ~ Licensed under the Apache License, Version 2.0 (the "License");
  ~ you may not use this file except in compliance with the License.
  ~ You may obtain a copy of the License at
  ~
  ~ http://www.apache.org/licenses/LICENSE-2.0
  ~
  ~ Unless required by applicable law or agreed to in writing, software
  ~ distributed under the License is distributed on an "AS IS" BASIS,
  ~ WITHOUT WARRANTIES OR CONDITIONS OF ANY KIND, either express or implied.
  ~ See the License for the specific language governing permissions and
  ~ limitations under the License.
  -->
<module name="org.apache.maven" slot="main" xmlns="urn:jboss:module:1.3">
    <properties>
        <property name="jboss.api" value="private"/>
    </properties>
    <resources>
        <resource-root path="maven-aether-provider-3.3.9.jar"/>
        <resource-root path="maven-artifact-3.3.9.jar"/>
        <resource-root path="maven-compat-3.3.9.jar"/>
        <resource-root path="maven-core-3.3.9.jar"/>
        <resource-root path="maven-model-3.3.9.jar"/>
        <resource-root path="maven-model-builder-3.3.9.jar"/>
        <resource-root path="maven-plugin-api-3.3.9.jar"/>
        <resource-root path="maven-repository-metadata-3.3.9.jar"/>
        <resource-root path="maven-settings-3.3.9.jar"/>
        <resource-root path="maven-settings-builder-3.3.9.jar"/>
        <resource-root path="maven-builder-support-3.3.9.jar"/>
    </resources>
    <dependencies>
        <module name="com.google.guava"/>
        <module name="javax.api"/>
        <module name="javax.inject.api"/>
        <module name="org.apache.maven.wagon"/>
        <module name="org.codehouse.plexus"/>
        <module name="org.eclipse.aether" slot="kie"/>
        <module name="org.eclipse.sisu"/>
        <module name="org.sonatype.plexus"/>
        <module name="org.sonatype.sisu"/>
        <module name="org.apache.commons.lang3"/>
    </dependencies>
</module>
