<?xml version="1.0" encoding="UTF-8"?>
<!--
  ~ Copyright 2016 Red Hat, Inc. and/or its affiliates
  ~ and other contributors as indicated by the @author tags.
  ~
  ~ Licensed under the Apache License, Version 2.0 (the "License");
  ~ you may not use this file except in compliance with the License.
  ~ You may obtain a copy of the License at
  ~
  ~ http://www.apache.org/licenses/LICENSE-2.0
  ~
  ~ Unless required by applicable law or agreed to in writing, software
  ~ distributed under the License is distributed on an "AS IS" BASIS,
  ~ WITHOUT WARRANTIES OR CONDITIONS OF ANY KIND, either express or implied.
  ~ See the License for the specific language governing permissions and
  ~ limitations under the License.
  -->
<module name="org.keycloak.keycloak-wildfly-server-subsystem" xmlns="urn:jboss:module:1.3">
    <properties>
        <property name="jboss.api" value="private"/>
    </properties>

    <resources>
        <resource-root path="."/>
        <resource-root path="keycloak-wildfly-server-subsystem-8.0.1.jar"/>
    </resources>

    <dependencies>
        <module name="com.fasterxml.jackson.core.jackson-core"/>
        <module name="com.fasterxml.jackson.core.jackson-databind"/>
        <module name="javax.api"/>
        <module name="org.jboss.staxmapper"/>
        <module name="org.jboss.as.controller"/>
        <module name="org.jboss.as.ee"/>
        <module name="org.jboss.as.server"/>
        <module name="org.jboss.modules"/>
        <module name="org.jboss.msc"/>
        <module name="org.jboss.logging"/>
        <module name="org.jboss.vfs"/>
        <module name="org.jboss.as.web-common" optional="true"/>
        <module name="org.jboss.as.web" optional="true"/>
        <module name="org.jboss.as.version" optional="true"/>
        <module name="org.keycloak.keycloak-services"/>
        <module name="org.keycloak.keycloak-server-spi-private"/>
        <module name="org.keycloak.keycloak-wildfly-adapter" optional="true"/>
        <module name="org.keycloak.keycloak-core"/>
        <module name="org.keycloak.keycloak-common"/>
        <module name="org.keycloak.keycloak-server-spi"/>
        <module name="org.keycloak.keycloak-authz-policy-common"/>
        <module name="org.jboss.metadata.common"/>
        <module name="org.jboss.metadata.web"/>
    </dependencies>
</module>
