<?xml version="1.0" encoding="UTF-8"?>
<!--
  ~ * Copyright 2018 Red Hat, Inc. and/or its affiliates
  ~ * and other contributors as indicated by the @author tags.
  ~ *
  ~ * Licensed under the Apache License, Version 2.0 (the "License");
  ~ * you may not use this file except in compliance with the License.
  ~ * You may obtain a copy of the License at
  ~ *
  ~ * http://www.apache.org/licenses/LICENSE-2.0
  ~ *
  ~ * Unless required by applicable law or agreed to in writing, software
  ~ * distributed under the License is distributed on an "AS IS" BASIS,
  ~ * WITHOUT WARRANTIES OR CONDITIONS OF ANY KIND, either express or implied.
  ~ * See the License for the specific language governing permissions and
  ~ * limitations under the License.
  -->
<module name="com.openshift.openshift-restclient-java" xmlns="urn:jboss:module:1.3">
    <properties>
        <property name="jboss.api" value="private"/>
    </properties>

    <resources>
        <resource-root path="openshift-restclient-java-6.1.3.Final.jar"/>
    </resources>

    <dependencies>
        <module name="com.squareup.okhttp3"/>
        <module name="org.apache.commons.lang"/>
        <module name="org.jboss.dmr"/>
        <module name="org.apache.log4j"/>
        <module name="org.slf4j"/>
    </dependencies>
</module>
